Package,VersionGA,VersionPreview,DisplayName,ServiceName,RepoPath,MSDocs,GHDocs,Type,New,PlannedVersions,FirstGADate,Support,Hide,Notes
@azure/ai-anomaly-detector,,3.0.0-beta.2,Anomaly Detector,Anomaly Detector,anomalydetector,,,client,TRUE,,,,,Will replace: @azure/cognitiveservices-anomalydetector
@azure/app-configuration,1.1.1,,App Configuration,App Configuration,appconfiguration,,,client,TRUE,,1/7/2020,active,,
@azure/attestation,,1.0.0-beta.2,Azure Security Attestation,Attestation,attestation,,,client,TRUE,,,,,
@azure/search-documents,11.1.0,,Cognitive Search,Search,search,,,client,TRUE,,7/6/2020,active,,Replaces: @azure/search
@azure/communication-chat,,1.0.0-beta.5,Communication Chat,Communication,communication,,,client,TRUE,,,,,
@azure/communication-common,1.0.0,,Communication Common,Communication,communication,,,client,TRUE,,3/22/2021,active,,
@azure/communication-identity,,1.0.0-beta.5,Communication Identity,Communication,communication,,,client,TRUE,,,,,
@azure/communication-phone-numbers,,1.0.0-beta.4,Communication Phone Numbers,Communication,communication,NA,,client,TRUE,,,,,
@azure/communication-sms,,1.0.0-beta.4,Communication Sms,Communication,communication,,,client,TRUE,,,,,
@azure/abort-controller,1.0.4,,Core - Abort Controller,Core,core,,,client,TRUE,,10/29/2019,active,,
@azure/core-amqp,2.1.0,,Core - AMQP,Core,core,,,client,TRUE,,1/8/2020,active,,
@azure/core-auth,1.2.0,,Core - Auth,Core,core,,,client,TRUE,,10/29/2019,active,,
@azure/core-client,1.0.0,,Core - Client,Core,core,,,client,TRUE,,3/15/2021,active,,
@azure/core-http,1.2.3,,Core - HTTP,Core,core,,,client,TRUE,,10/29/2019,active,,
@azure/logger,1.0.2,,Core - Logger,Core,core,,,client,TRUE,,10/29/2019,active,,
@azure/core-lro,1.0.3,,Core - LRO,Core,core,,,client,TRUE,,10/29/2019,active,,
@azure/core-tracing,,1.0.0-preview.10,Core - Tracing,Core,core,,,client,TRUE,,,,,
@azure/core-xml,,1.0.0-beta.1,Core - XML,Core,core,,,client,TRUE,,,,,
@azure/core-rest-pipeline,1.0.2,,Core Rest Pipeline,Core,core,NA,,client,TRUE,,3/15/2021,active,,
@azure/cosmos,3.10.5,,Cosmos DB,Cosmos DB,cosmosdb,,,client,TRUE,,9/24/2019,active,,
@azure/digital-twins-core,1.0.3,,Digital Twins - Core,IoT,digitaltwins,,,client,TRUE,,11/3/2020,active,,
@azure/eventgrid,4.1.0,,Event Grid,Event Grid,https://github.com/Azure/azure-sdk-for-js/tree/master/sdk/eventgrid/eventgrid,,,client,TRUE,,12/4/2019,active,,Will be replaced by: @azure/eventgrid 3.x
@azure/event-hubs,5.4.0,5.5.0-beta.1,Event Hubs,Event Hubs,eventhub,,,client,TRUE,,3/27/2019,active,,
@azure/eventhubs-checkpointstore-blob,1.0.1,,Event Hubs - Azure Blob Storage Checkpoint Store,Event Hubs,eventhub,,,client,TRUE,,1/9/2020,active,,
@azure/schema-registry,,1.0.0-beta.1,Event Hubs - Schema Registry,Event Hubs,schemaregistry,,,client,TRUE,"1.0.0,04/13/2021",,,,
@azure/schema-registry-avro,,1.0.0-beta.1,Event Hubs - Schema Registry Avro,Event Hubs,schemaregistry,,,client,TRUE,"1.0.0,04/13/2021",,,,
@azure/ai-form-recognizer,3.0.0,3.1.0-beta.2,Form Recognizer,Form Recognizer,formrecognizer,,,client,TRUE,"3.1.0-beta.4,04/06/2021|3.1.0,05/11/2021",8/20/2020,active,,Replaces: @azure/cognitiveservices-formrecognizer
@azure/identity,1.2.5,2.0.0-beta.1,Identity,Identity,identity,,,client,TRUE,,10/29/2019,active,,
@azure/keyvault-admin,,4.0.0-beta.2,Key Vault - Administration,Key Vault,keyvault,,,client,TRUE,"4.0.0,04/15/2021",,,,
@azure/keyvault-certificates,4.1.0,4.2.0-beta.2,Key Vault - Certificates,Key Vault,keyvault,,,client,TRUE,"4.2.0,04/15/2021",1/7/2020,active,,
@azure/keyvault-keys,4.1.0,4.2.0-beta.4,Key Vault - Keys,Key Vault,keyvault,,,client,TRUE,"4.2.0,04/15/2021",10/30/2019,active,,
@azure/keyvault-secrets,4.1.0,4.2.0-beta.3,Key Vault - Secrets,Key Vault,keyvault,,,client,TRUE,"4.2.0,04/15/2021",10/30/2019,active,,
@azure/ai-metrics-advisor,,1.0.0-beta.3,Metrics Advisor,Metrics Advisor,metricsadvisor,,,client,TRUE,"1.0.0-beta.4,04/06/2021|1.0.0,05/11/2021",,,,
@azure/service-bus,7.0.3,,Service Bus,Service Bus,servicebus,,,client,TRUE,,5/16/2019,active,,
@azure/storage-blob,12.5.0,,Storage - Blobs,Storage,storage,,,client,TRUE,,7/26/2019,active,,
@azure/storage-blob-changefeed,,12.0.0-preview.2,Storage - Blobs ChangeFeed,Storage,storage,,,client,TRUE,,,,,
@azure/storage-file-datalake,12.4.0,,Storage - Files Data Lake,Data Lake Storage (Gen 2),storage,,,client,TRUE,,3/10/2020,active,,
@azure/storage-file-share,12.5.0,,Storage - Files Shares,Storage,storage,,,client,TRUE,,12/4/2019,active,,
@azure/storage-queue,12.4.0,,Storage - Queues,Storage,storage,,,client,TRUE,,7/26/2019,active,,
@azure/synapse-access-control,,1.0.0-beta.2,Synapse - AccessControl,Synapse Analytics,synapse,,,client,TRUE,,,,,
@azure/synapse-artifacts,,1.0.0-beta.3,Synapse - Artifacts,Synapse Analytics,synapse,,,client,TRUE,,,,,
@azure/synapse-managed-private-endpoints,,1.0.0-beta.2,Synapse - Managed Private Endpoints,Synapse Analytics,synapse,,,client,TRUE,,,,,
@azure/synapse-monitoring,,1.0.0-beta.2,Synapse - Monitoring,Synapse Analytics,synapse,,,client,TRUE,,,,,
@azure/synapse-spark,,1.0.0-beta.2,Synapse - Spark,Synapse Analytics,synapse,,,client,TRUE,,,,,
@azure/data-tables,,12.0.0-beta.1,Tables,Tables,tables,,,client,TRUE,,,,,
@azure/ai-text-analytics,5.0.1,5.1.0-beta.5,Text Analytics,Text Analytics,textanalytics,,,client,TRUE,"5.1.0,05/11/2021",6/9/2020,active,,Replaces: @azure/cognitiveservices-textanalytics
,,,,Active Directory,,NA,NA,,,,,,TRUE,
,,,,Active Directory B2C,,NA,NA,,,,,,TRUE,
,,,,Advanced Threat Protection,,NA,NA,,,,,,TRUE,
,,,,Alert Management,,NA,NA,,,,,,TRUE,
,,,,API Apps,,NA,NA,,,,,,TRUE,
,,,,Application Gateway,,NA,NA,,,,,,TRUE,
,,,,Arc Enabled Servers,,NA,NA,,,,,,TRUE,
,,,,Archive Storage,,NA,NA,,,,,,TRUE,
,,,,Artifacts,,NA,NA,,,,,,TRUE,
,,,,Automanage,,NA,NA,,,,,,TRUE,
,,,,Avere vFXT for Azure,,NA,NA,,,,,,TRUE,
,,,,Backup,,NA,NA,,,,,,TRUE,
,,,,Bastion,,NA,NA,,,,,,TRUE,
,,,,Blockchain Service,,NA,NA,,,,,,TRUE,
,,,,Blockchain Tokens,,NA,NA,,,,,,TRUE,
,,,,Blockchain Workbench,,NA,NA,,,,,,TRUE,
,,,,Blueprints,,NA,NA,,,,,,TRUE,
,,,,Boards,,NA,NA,,,,,,TRUE,
,,,,Cloud Services,,NA,NA,,,,,,TRUE,
,,,,Cloud Shell,,NA,NA,,,,,,TRUE,
,,,,Common Data Service,,NA,NA,,,,,,TRUE,
,,,,Content Protection,,NA,NA,,,,,,TRUE,
,,,,Customer Lockbox for Microsoft Azure,,NA,NA,,,,,,TRUE,
,,,,CycleCloud,,NA,NA,,,,,,TRUE,
,,,,Data Lake Analytics,,NA,NA,,,,,,TRUE,
,,,,Data Science Virtual Machines,,NA,NA,,,,,,TRUE,
,,,,Data Share,,NA,NA,,,,,,TRUE,
,,,,Datadog,,NA,NA,,,,,,TRUE,
,,,,DDoS Protection Standard,,NA,NA,,,,,,TRUE,
,,,,Dedicated Host,,NA,NA,,,,,,TRUE,
,,,,Dedicated HSM,,NA,NA,,,,,,TRUE,
,,,,Devices,,NA,NA,,,,,,TRUE,
,,,,DevOps,,NA,NA,,,,,,TRUE,
,,,,Disk Storage,,NA,NA,,,,,,TRUE,
,,,,Encoding,,NA,NA,,,,,,TRUE,
,,,,ExpressRoute,,NA,NA,,,,,,TRUE,
,,,,Firewall,,NA,NA,,,,,,TRUE,
,,,,Firewall Manager,,NA,NA,,,,,,TRUE,
,,,,Functions,,NA,NA,,,,,,TRUE,
,,,,FXT Edge Filer,,NA,NA,,,,,,TRUE,
,,,,Guest Configuration,,NA,NA,,,,,,TRUE,
,,,,HPC Cache,,NA,NA,,,,,,TRUE,
,,,,Information Protection,,NA,NA,,,,,,TRUE,
,,,,Ink Recognizer,,NA,NA,,,,,,TRUE,
,,,,Internet Analyzer,,NA,NA,,,,,,TRUE,
,,,,Intune,,NA,NA,,,,,,TRUE,
,,,,IoT Edge,,NA,NA,,,,,,TRUE,
,,,,IoT solution accelerators,,NA,NA,,,,,,TRUE,
,,,,Kinect Developer Kit,,NA,NA,,,,,,TRUE,
,,,,Kubernetes Service,,NA,NA,,,,,,TRUE,
,,,,Lighthouse,,NA,NA,,,,,,TRUE,
,,,,Linux Virtual Machines,,NA,NA,,,,,,TRUE,
,,,,Live and On-Demand Streaming,,NA,NA,,,,,,TRUE,
,,,,Load Balancer,,NA,NA,,,,,,TRUE,
,,,,Machine Learning Studio,,NA,NA,,,,,,TRUE,
,,,,Managed Disks,,NA,NA,,,,,,TRUE,
,,,,Managed Services,,NA,NA,,,,,,TRUE,
,,,,Marketplace,,NA,NA,,,,,,TRUE,
,,,,Media Player,,NA,NA,,,,,,TRUE,
,,,,Microsoft Azure portal,,NA,NA,,,,,,TRUE,
,,,,Microsoft Genomics,,NA,NA,,,,,,TRUE,
,,,,Mobile Apps,,NA,NA,,,,,,TRUE,
,,,,Network Watcher,,NA,NA,,,,,,TRUE,
,,,,Open Datasets,,NA,NA,,,,,,TRUE,
,,,,Pipelines,,NA,NA,,,,,,TRUE,
,,,,Power Apps,,NA,NA,,,,,,TRUE,
,,,,Power Automate,,NA,NA,,,,,,TRUE,
,,,,Private Link,,NA,NA,,,,,,TRUE,
,,,,R Server for HDInsight,,NA,NA,,,,,,TRUE,
,,,,Red Hat OpenShift (ARO),,NA,NA,,,,,,TRUE,
,,,,Remote Rendering,,NA,NA,,,,,,TRUE,
,,,,RemoteApp,,NA,NA,,,,,,TRUE,
,,,,Repos,,NA,NA,,,,,,TRUE,
,,,,Resource Explorer,,NA,NA,,,,,,TRUE,
,,,,Resource Manager,,NA,NA,,,,,,TRUE,
,,,,Resource Manager templates,,NA,NA,,,,,,TRUE,
,,,,Resource Mover,,NA,NA,,,,,,TRUE,
,,,,RTOS,,NA,NA,,,,,,TRUE,
,,,,Scheduler,,NA,NA,,,,,,TRUE,
,,,,Sentinel,,NA,NA,,,,,,TRUE,
,,,,Server Management,,NA,NA,,,,,,TRUE,
,,,,Service Health,,NA,NA,,,,,,TRUE,
,,,,Spatial Anchors,,NA,NA,,,,,,TRUE,
,,,,Speaker Recognition,,NA,NA,,,,,,TRUE,
,,,,Speech Translation,,NA,NA,,,,,,TRUE,
,,,,Sphere,,NA,NA,,,,,,TRUE,
,,,,Spring Cloud,,NA,NA,,,,,,TRUE,
,,,,SQL Database,,NA,NA,,,,,,TRUE,
,,,,SQL Database Edge,,NA,NA,,,,,,TRUE,
,,,,SQL Managed Instance,,NA,NA,,,,,,TRUE,
,,,,Storage Explorer,,NA,NA,,,,,,TRUE,
,,,,Test Plans,,NA,NA,,,,,,TRUE,
,,,,Video Indexer,,NA,NA,,,,,,TRUE,
,,,,Virtual Machine Scale Sets,,NA,NA,,,,,,TRUE,
,,,,Virtual WAN,,NA,NA,,,,,,TRUE,
,,,,Visual Studio App Center,,NA,NA,,,,,,TRUE,
,,,,Visual Studio Code,,NA,NA,,,,,,TRUE,
,,,,Visual Studio Online,,NA,NA,,,,,,TRUE,
,,,,VPN Gateway,,NA,NA,,,,,,TRUE,
,,,,Web App for Containers,,NA,NA,,,,,,TRUE,
,,,,Web Apps,,NA,NA,,,,,,TRUE,
,,,,WebJobs,,NA,NA,,,,,,TRUE,
,,,,Windows 10 IoT Core Services,,NA,NA,,,,,,TRUE,
,,,,Windows Virtual Desktop,,NA,NA,,,,,,TRUE,
,,,,Xamarin,,NA,NA,,,,,,TRUE,
@autorest/codemodel,4.14.7,,@autorest/codemodel,,NA,NA,NA,,FALSE,,,active,,
@autorest/common,1.1.1,,@autorest/common,,NA,NA,NA,,FALSE,,,active,,
@autorest/configuration,1.2.0,,@autorest/configuration,,NA,NA,NA,,FALSE,,,active,,
@autorest/csharp,,3.0.0-beta.20210319.1,@autorest/csharp,,NA,NA,NA,,FALSE,,,,,
@autorest/csharp-v3,,3.0.0-beta.20201217.1,@autorest/csharp-v3,,NA,NA,NA,,FALSE,,,,,
@autorest/extension-base,3.2.1,,@autorest/extension-base,,NA,NA,NA,,FALSE,,,active,,
@autorest/schemas,1.1.0,,@autorest/schemas,,NA,NA,NA,,FALSE,,,active,,
@autorest/test-utils,0.2.0,,@autorest/test-utils,,NA,NA,NA,,FALSE,,,,,
@azure/arm-appservice-profile-2020-09-01-hybrid,1.0.0,,@azure/arm-appservice-profile-2020-09-01-hybrid,,NA,NA,NA,,FALSE,,,active,,
@azure/arm-authorization-profile-2020-09-01-hybrid,1.0.0,,@azure/arm-authorization-profile-2020-09-01-hybrid,,NA,NA,NA,,FALSE,,,active,,
@azure/arm-commerce-profile-2020-09-01-hybrid,1.0.0,,@azure/arm-commerce-profile-2020-09-01-hybrid,,NA,NA,NA,,FALSE,,,active,,
@azure/arm-compute-profile-2020-09-01-hybrid,1.0.0,,@azure/arm-compute-profile-2020-09-01-hybrid,,NA,NA,NA,,FALSE,,,active,,
@azure/arm-confluent,1.0.0,,@azure/arm-confluent,,NA,NA,NA,,FALSE,,,active,,
@azure/arm-databoxedge-profile-2020-09-01-hybrid,1.0.0,,@azure/arm-databoxedge-profile-2020-09-01-hybrid,,NA,NA,NA,,FALSE,,,active,,
@azure/arm-datalake-analytics,1.0.0,,@azure/arm-datalake-analytics,,NA,NA,NA,,FALSE,,,active,,
@azure/arm-dns-profile-2020-09-01-hybrid,1.0.0,,@azure/arm-dns-profile-2020-09-01-hybrid,,NA,NA,NA,,FALSE,,,active,,
@azure/arm-eventhub-profile-2020-09-01-hybrid,1.0.0,,@azure/arm-eventhub-profile-2020-09-01-hybrid,,NA,NA,NA,,FALSE,,,active,,
@azure/arm-healthbot,1.0.0,,@azure/arm-healthbot,,NA,NA,NA,,FALSE,,,active,,
@azure/arm-hybridkubernetes,1.0.0,,@azure/arm-hybridkubernetes,,NA,NA,NA,,FALSE,,,active,,
@azure/arm-iothub-profile-2020-09-01-hybrid,1.0.0,,@azure/arm-iothub-profile-2020-09-01-hybrid,,NA,NA,NA,,FALSE,,,active,,
@azure/arm-keyvault-profile-2020-09-01-hybrid,1.0.0,,@azure/arm-keyvault-profile-2020-09-01-hybrid,,NA,NA,NA,,FALSE,,,active,,
@azure/arm-locks-profile-2020-09-01-hybrid,1.0.0,,@azure/arm-locks-profile-2020-09-01-hybrid,,NA,NA,NA,,FALSE,,,active,,
@azure/arm-monitor-profile-2020-09-01-hybrid,1.0.0,,@azure/arm-monitor-profile-2020-09-01-hybrid,,NA,NA,NA,,FALSE,,,active,,
@azure/arm-network-profile-2020-09-01-hybrid,1.0.0,,@azure/arm-network-profile-2020-09-01-hybrid,,NA,NA,NA,,FALSE,,,active,,
@azure/arm-policy-profile-2020-09-01-hybrid,1.0.0,,@azure/arm-policy-profile-2020-09-01-hybrid,,NA,NA,NA,,FALSE,,,active,,
@azure/arm-redisenterprisecache,1.0.0,,@azure/arm-redisenterprisecache,,NA,NA,NA,,FALSE,,,active,,
@azure/arm-resourcemover,1.0.0,,@azure/arm-resourcemover,,NA,NA,NA,,FALSE,,,active,,
@azure/arm-resources-profile-2020-09-01-hybrid,1.0.0,,@azure/arm-resources-profile-2020-09-01-hybrid,,NA,NA,NA,,FALSE,,,active,,
@azure/arm-servicefabric,1.0.0,,@azure/arm-servicefabric,,NA,NA,NA,,FALSE,,,active,,
@azure/arm-storage-profile-2020-09-01-hybrid,1.0.0,,@azure/arm-storage-profile-2020-09-01-hybrid,,NA,NA,NA,,FALSE,,,active,,
@azure/arm-subscriptions-profile-2020-09-01-hybrid,1.0.0,,@azure/arm-subscriptions-profile-2020-09-01-hybrid,,NA,NA,NA,,FALSE,,,active,,
@azure/communication-administration,,1.0.0-beta.4,@azure/communication-administration,,NA,NA,NA,,FALSE,,,,,
@azure/core-crypto,,1.0.0-alpha.20210122.1,@azure/core-crypto,,NA,NA,NA,,FALSE,,,,,
@azure/iot-device-update,,1.0.0-beta.1,@azure/iot-device-update,,NA,NA,NA,,FALSE,,,,,
@azure/quantum-jobs,,1.0.0-beta.1,@azure/quantum-jobs,,NA,NA,NA,,FALSE,,,,,
@azure/static-web-apps-cli,0.2.1,,@azure/static-web-apps-cli,,NA,NA,NA,,FALSE,,,,,
@azure-tools/jsonschema,1.0.0,,@azure-tools/jsonschema,,NA,NA,NA,,FALSE,,,active,,
@azure-tools/tmlanguage-generator,0.1.1,,@azure-tools/tmlanguage-generator,,NA,NA,NA,,FALSE,,,,,
adl-vscode,0.4.2,,adl-vscode,,NA,NA,NA,,FALSE,,,,,
@azure/amqp-common,,1.0.0-preview.17,AMQP Common,Core,core,NA,NA,client,FALSE,,,,,
@azure/cognitiveservices-anomalydetector,2.1.0,,Anomaly Detector,Anomaly Detector,https://github.com/Azure/azure-sdk-for-js/tree/master/sdk/cognitiveservices/cognitiveservices-anomalydetector,NA,NA,client,FALSE,,,active,,
@azure/applicationinsights-query,1.1.0,,Application Insights - Query,Application Insights,https://github.com/Azure/azure-sdk-for-js/tree/master/sdk/applicationinsights/applicationinsights-query,NA,,client,FALSE,,,active,,
autorest,3.1.3,,AutoRest,AutoRest,NA,NA,NA,client,FALSE,,,active,,
@autorest/az,1.7.2,,AutoRest - AZ,AutoRest,https://github.com/Azure/autorest.az/tree/1.4.0,NA,NA,client,FALSE,,,active,,
@autorest/azureresourceschema,3.0.98,,AutoRest - Azure Resource Schema,AutoRest,https://github.com/Azure/autorest.azureresourceschema,NA,NA,client,FALSE,,,active,,
@autorest/cli,0.1.889,,AutoRest - CLI,AutoRest,https://github.com/Azure/autorest.cli,NA,NA,client,FALSE,,,,,
@autorest/cli.common,1.0.14,,AutoRest - CLI Common,AutoRest,https://github.com/Azure/autorest.clicommon,NA,NA,client,FALSE,,,,TRUE,
@autorest/clicommon,0.6.1,,AutoRest - CLI Common,AutoRest,https://github.com/Azure/autorest.clicommon/tree/0.4.12,NA,NA,client,FALSE,,,,,
@azure/autorest.codemodel-v3,3.0.137,,AutoRest - Code Model,AutoRest,NA,NA,NA,client,FALSE,,,active,,
@autorest/compare,0.3.6,,AutoRest - Compare,AutoRest,https://github.com/Azure/autorest.compare,NA,NA,client,FALSE,,,,,
@autorest/core,3.2.1,,AutoRest - Core,AutoRest,https://github.com/Azure/autorest,NA,NA,client,FALSE,,,active,,
@autorest/azure-functions-csharp,,0.2.0-preview-dev.321054549,AutoRest - Functions CSharp,AutoRest,NA,NA,NA,client,FALSE,,,,,
@autorest/azure-functions-java,,0.0.2-Preview,AutoRest - Functions Java,AutoRest,NA,NA,NA,client,FALSE,,,,,
@autorest/azure-functions-python,,0.1.0-preview,AutoRest - Functions Python,AutoRest,NA,NA,NA,client,FALSE,,,,,
@autorest/azure-functions-typescript,,0.0.1-preview,AutoRest - Functions TypeScript,AutoRest,NA,NA,NA,client,FALSE,,,,,
@autorest/go,,4.0.0-preview.14,AutoRest - Go,AutoRest,NA,NA,NA,client,FALSE,,,,,
@autorest/modelerfour,4.18.0,,AutoRest - Modeler Four,AutoRest,https://github.com/Azure/autorest.modelerfour,NA,NA,client,FALSE,,,active,,
@autorest/powershell,3.0.424,,AutoRest - Power Shell,AutoRest,https://github.com/Azure/autorest.powershell,NA,NA,client,FALSE,,,active,,
@autorest/python,5.6.4,,AutoRest - Python,AutoRest,https://github.com/Azure/autorest.python/tree/v5.1.0-preview.7,NA,NA,client,FALSE,,,active,,
@autorest/remodeler,2.1.27,,AutoRest - Remodeler,AutoRest,https://github.com/Azure/autorest.remodeler,NA,NA,client,FALSE,,,active,,
@autorest/test,0.1.76,,AutoRest - Test,AutoRest,https://github.com/Azure/autorest.test,NA,NA,client,FALSE,,,,,
@autorest/test-server,3.0.27,,AutoRest - Test Server,AutoRest,NA,NA,NA,client,FALSE,,,active,,
@azure/cognitiveservices-autosuggest,2.0.1,,Autosuggest,Autosuggest,https://github.com/Azure/azure-sdk-for-js/tree/master/sdk/cognitiveservices/cognitiveservices-autosuggest,NA,NA,client,FALSE,,,active,,
@azure/avocado,0.8.2,,Avocado,OpenAPI Specification,https://github.com/Azure/avocado,NA,NA,client,FALSE,,,,,
@azure/batch,8.0.0,,Batch,Batch,https://github.com/azure/azure-sdk-for-js/tree/master/sdk/batch/batch,NA,NA,client,FALSE,,,active,,
@azure/communication-calling,,1.0.0-beta.10,Communication Calling,Communication,NA,NA,NA,client,FALSE,,,,,
@azure/communication-signaling,,1.0.0-beta.3,Communication Signaling,Communication,NA,NA,NA,client,FALSE,,,,,
@azure/cognitiveservices-computervision,7.1.0,,Computer Vision,Computer Vision,https://github.com/Azure/azure-sdk-for-js/tree/master/sdk/cognitiveservices/cognitiveservices-computervision,NA,NA,client,FALSE,,,active,,
@azure/cognitiveservices-contentmoderator,5.0.1,,Content Moderator,Content Moderator,https://github.com/Azure/azure-sdk-for-js/tree/master/sdk/cognitiveservices/cognitiveservices-contentmoderator,NA,NA,client,FALSE,,,active,,
@azure/core-asynciterator-polyfill,1.0.0,,Core - Asynciterator Polyfill,Core,core,NA,,client,FALSE,,,active,,
@azure/core-https,,1.0.0-beta.1,Core - Https,Core,NA,NA,NA,client,FALSE,,,,,
@azure/core-paging,1.1.3,,Core - Paging,Core,core,,,client,FALSE,,,active,,
@azure/cosmos,2.1.1,,Cosmos DB,Cosmos DB,NA,NA,NA,client,FALSE,,,,TRUE,
@azure/cognitiveservices-customimagesearch,2.0.1,,Custom Image Search,Custom Image Search,https://github.com/Azure/azure-sdk-for-js/tree/master/sdk/cognitiveservices/cognitiveservices-customimagesearch,NA,NA,client,FALSE,,,active,,
@azure/cognitiveservices-customsearch,3.0.1,,Custom Search,Custom Search,https://github.com/Azure/azure-sdk-for-js/tree/master/sdk/cognitiveservices/cognitiveservices-customsearch,NA,NA,client,FALSE,,,active,,
@azure/cognitiveservices-customvision-prediction,5.1.2,,Custom Vision Prediction,Custom Vision,https://github.com/Azure/azure-sdk-for-js/tree/master/sdk/cognitiveservices/cognitiveservices-customvision-prediction,NA,NA,client,FALSE,,,active,,
@azure/cognitiveservices-customvision-training,5.2.0,,Custom Vision Training,Custom Vision,https://github.com/Azure/azure-sdk-for-js/tree/master/sdk/cognitiveservices/cognitiveservices-customvision-training,NA,NA,client,FALSE,,,active,,
@azure/cognitiveservices-entitysearch,3.0.1,,Entity Search,Entity Search,https://github.com/Azure/azure-sdk-for-js/tree/master/sdk/cognitiveservices/cognitiveservices-entitysearch,NA,NA,client,FALSE,,,active,,
azure-eventgrid,1.6.0,,Event Grid,Event Grid,NA,NA,NA,client,FALSE,,,active,TRUE,
azure-event-hubs,0.2.11,,Event Hubs,Event Hubs,NA,NA,NA,client,FALSE,,,maintenance,TRUE,
@azure/event-processor-host,2.1.1,,Event Hubs - Event Processor,Event Hubs,eventhub,NA,,client,FALSE,,,maintenance,,Replaced by @azure/event-hubs
@azure/cognitiveservices-face,4.2.0,,Face,Face,https://github.com/Azure/azure-sdk-for-js/tree/master/sdk/cognitiveservices/cognitiveservices-face,NA,NA,client,FALSE,,,active,,
@azure/cognitiveservices-formrecognizer,2.0.1,,Form Recognizer,Form Recognizer,https://github.com/Azure/azure-sdk-for-js/tree/master/sdk/cognitiveservices/cognitiveservices-formrecognizer,NA,NA,client,FALSE,,,maintenance,,
git-rest-api-sdk,0.3.3,,Git Rest Api SDK,Git Rest Api,https://github.com/azure/git-rest-api,NA,NA,client,FALSE,,,,,
@azure/graph,5.0.2,,Graph,Microsoft Graph,https://github.com/Azure/azure-sdk-for-js/tree/master/sdk/graphrbac/graph,NA,NA,client,FALSE,,,active,,
@azure/cognitiveservices-imagesearch,3.0.1,,Image Search,Image Search,https://github.com/Azure/azure-sdk-for-js/tree/master/sdk/cognitiveservices/cognitiveservices-imagesearch,NA,NA,client,FALSE,,,active,,
azure-iot-amqp-base,2.4.7,,IoT AMQP Base,IoT,https://github.com/Azure/azure-iot-sdk-node,NA,NA,client,FALSE,,,active,,
azure-iot-common,1.12.7,,IoT Common,IoT,https://github.com/Azure/azure-iot-sdk-node/tree/master/common,NA,NA,client,FALSE,,,active,,
azure-iot-device,1.17.3,,IoT Device,IoT Plug and Play,https://github.com/Azure/azure-iot-sdk-node/tree/master/device,NA,NA,client,FALSE,,,active,,
azure-iot-device-amqp,1.13.3,,IoT Device AMQP,IoT Plug and Play,https://github.com/Azure/azure-iot-sdk-node/tree/master/device/transport/amqp,NA,NA,client,FALSE,,,active,,
azure-iot-device-http,1.13.3,,IoT Device Http,IoT Plug and Play,https://github.com/Azure/azure-iot-sdk-node/tree/master/device/transport/http,NA,NA,client,FALSE,,,active,,
azure-iot-device-mqtt,1.15.3,,IoT Device MQTT,IoT Plug and Play,https://github.com/Azure/azure-iot-sdk-node/tree/master/device/transport/mqtt,NA,NA,client,FALSE,,,active,,
azure-iot-http-base,1.11.7,,IoT Http Base,IoT,https://github.com/Azure/azure-iot-sdk-node,NA,NA,client,FALSE,,,active,,
azure-iothub,1.13.1,,IoT Hub,IoT Hub,https://github.com/Azure/azure-iot-sdk-node,NA,NA,client,FALSE,,,active,,
azure-iot-mqtt-base,1.12.7,,IoT MQTT Base,IoT,https://github.com/Azure/azure-iot-sdk-node,NA,NA,client,FALSE,,,active,,
azure-iot-provisioning-device,1.8.7,,IoT Provisioning Device,IoT,https://github.com/Azure/azure-iot-sdk-node/tree/master/provisioning/device,NA,NA,client,FALSE,,,active,,
azure-iot-provisioning-device-amqp,1.8.7,,IoT Provisioning Device AMQP,IoT,https://github.com/Azure/azure-iot-sdk-node/tree/master/provisioning/transport/amqp,NA,NA,client,FALSE,,,active,,
azure-iot-provisioning-device-http,1.8.7,,IoT Provisioning Device Http,IoT,https://github.com/Azure/azure-iot-sdk-node/tree/master/provisioning/transport/http,NA,NA,client,FALSE,,,active,,
azure-iot-provisioning-device-mqtt,1.7.7,,IoT Provisioning Device MQTT,IoT,https://github.com/Azure/azure-iot-sdk-node/tree/master/provisioning/device,NA,NA,client,FALSE,,,active,,
azure-iot-provisioning-service,1.8.7,,IoT Provisioning Service,IoT,https://github.com/Azure/azure-iot-sdk-node/tree/master/provisioning/transport/mqtt,NA,NA,client,FALSE,,,active,,
azure-iot-security-symmetric-key,1.7.7,,IoT Security Symmetric Key,IoT,https://github.com/Azure/azure-iot-sdk-node/tree/master/security/symmetric,NA,NA,client,FALSE,,,active,,
azure-iot-security-tpm,1.8.7,,IoT Security TPM,IoT,https://github.com/Azure/azure-iot-sdk-node/tree/master/security/tpm,NA,NA,client,FALSE,,,active,,
azure-iot-security-x509,1.7.7,,IoT Security X509,IoT,https://github.com/Azure/azure-iot-sdk-node/tree/master/security/x509,NA,NA,client,FALSE,,,active,,
azure-keyvault,3.0.5,,Key Vault,Key Vault,NA,NA,NA,client,FALSE,,,,TRUE,
@azure/cognitiveservices-localsearch,2.0.1,,Local Search,Local Search,https://github.com/Azure/azure-sdk-for-js/tree/master/sdk/cognitiveservices/cognitiveservices-localsearch,NA,NA,client,FALSE,,,active,,
@azure/loganalytics,0.2.0,,Log Analytics,Log Analytics,https://github.com/Azure/azure-sdk-for-js/tree/master/sdk/operationalinsights/loganalytics,NA,,client,FALSE,,,,,
@azure/logger-js,1.3.2,,Logger JS,Logger,https://github.com/Azure/logger-js,NA,NA,client,FALSE,,,active,,
@azure/cognitiveservices-luis-authoring,,4.0.0-preview.3,LUIS Authoring,Language Understanding,https://github.com/Azure/azure-sdk-for-js/tree/master/sdk/cognitiveservices/cognitiveservices-luis-authoring,NA,NA,client,FALSE,,,,,
@azure/cognitiveservices-luis-runtime,5.0.0,,LUIS Runtime,Language Understanding,https://github.com/Azure/azure-sdk-for-js/tree/master/sdk/cognitiveservices/cognitiveservices-luis-runtime,NA,NA,client,FALSE,,,active,,
@azure/monitor-opentelemetry-exporter,,1.0.0-beta.3,Monitor OpenTelemetry Exporter,Monitor,https://github.com/microsoft/opentelemetry-azure-monitor-js/tree/1.0.0-preview.4/packages/azure-opentelemetry-exporter,,,client,FALSE,,,,,
@azure/ms-rest-azure-env,2.0.0,,MsRest - Azure Env,MsRest,https://github.com/Azure/ms-rest-azure-env,NA,NA,client,FALSE,,,active,,
@azure/ms-rest-azure-js,2.1.0,,MsRest - Azure JS,MsRest,https://github.com/Azure/ms-rest-azure-js,NA,NA,client,FALSE,,,active,,
@azure/ms-rest-browserauth,1.0.2,,MsRest - Browser Auth,MsRest,https://github.com/Azure/ms-rest-browserauth,NA,NA,client,FALSE,,,active,,
@azure/ms-rest-js,2.2.3,,MsRest - JS,MsRest,https://github.com/Azure/ms-rest-js,NA,NA,client,FALSE,,,active,,
@azure/ms-rest-nodeauth,3.0.8,,MsRest - Node Auth,MsRest,https://github.com/Azure/ms-rest-nodeauth,NA,NA,client,FALSE,,,active,,
@azure/cognitiveservices-newssearch,3.0.1,,News Search,News Search,https://github.com/Azure/azure-sdk-for-js/tree/master/sdk/cognitiveservices/cognitiveservices-newssearch,NA,NA,client,FALSE,,,active,,
@azure/ng-deploy,0.2.3,,Ng Deploy,Deploy Angular,https://github.com/Azure/ng-deploy-azure,NA,NA,client,FALSE,,,,,
node-red-contrib-azureiothubnode,0.5.3,,Node Red Contrib Azure IoT Hub Node,IoT Hub,NA,NA,NA,client,FALSE,,,,,
@azure/oad,0.8.8,,Oad,OpenAPI Specification,https://github.com/Azure/openapi-diff,NA,NA,client,FALSE,,,,,
@azure/openapi-markdown,0.9.2,,OpenAPI Markdown,OpenAPI MarkDown,https://github.com/Azure/openapi-markdown,NA,NA,client,FALSE,,,,,
@azure/cognitiveservices-personalizer,2.0.1,,Personalizer,Personalizer,https://github.com/Azure/azure-sdk-for-js/tree/master/sdk/cognitiveservices/cognitiveservices-personalizer,NA,NA,client,FALSE,,,active,,
@azure/publish-pipeline-result,0.1.2,,Publish Pipeline Result,Pipelines,NA,NA,NA,client,FALSE,,,,,
@azure/cognitiveservices-qnamaker,3.2.0,,QnA Maker,QnA Maker,https://github.com/Azure/azure-sdk-for-js/tree/master/sdk/cognitiveservices/cognitiveservices-qnamaker,NA,NA,client,FALSE,,,active,,
@azure/cognitiveservices-qnamaker-runtime,1.0.1,,QnA Maker Runtime,QnA Maker,https://github.com/Azure/azure-sdk-for-js/tree/master/sdk/cognitiveservices/cognitiveservices-qnamaker-runtime,NA,NA,client,FALSE,,,active,,
@azure/rest-api-specs-scripts,0.14.0,,RestAPI Specs Scripts,RestAPI Specification,https://github.com/Azure/rest-api-specs-scripts,NA,NA,client,FALSE,,,,,
azure-sb,0.11.1,,Service Bus,Service Bus,NA,NA,NA,client,FALSE,,,,TRUE,
@azure/servicefabric,5.0.0,,Service Fabric,Service Fabric,NA,https://docs.microsoft.com/javascript/api/overview/azure/service-fabric,NA,client,FALSE,,,active,,
microsoft-cognitiveservices-speech-sdk,1.14.1,,Speech,Speech,NA,https://docs.microsoft.com/javascript/api/overview/azure/speech-service,NA,client,FALSE,,,active,,
@azure/cognitiveservices-spellcheck,3.0.1,,Spell Check,Spell Check,https://github.com/Azure/azure-sdk-for-js/tree/master/sdk/cognitiveservices/cognitiveservices-spellcheck,NA,NA,client,FALSE,,,active,,
azure-storage,2.10.3,,Storage,Storage,NA,NA,NA,client,FALSE,,,,TRUE,
@azure/storage-datalake,0.2.0,,Storage - Files Data Lake,Storage,https://github.com/Azure/azure-sdk-for-js/tree/master/sdk/storage/storage-datalake,NA,,client,FALSE,,,maintenance,,Replaced by: @azure/storage-file-datalake
@azure/storage-file,10.3.0,,Storage - Files Shares,Storage,NA,NA,NA,client,FALSE,,,maintenance,,Replaced by: @azure/storage-file-share
azure-streamanalytics-cicd,2.1.1,,Stream Analytics CI/CD,Stream Analytics,NA,NA,NA,client,FALSE,,,active,,
@azure/swagger-validation-common,0.1.2,,Swagger Validation Common,OpenAPI Specification,NA,NA,NA,client,FALSE,,,,,
@azure/template,,1.0.9-beta.798246,Template,Template,NA,NA,NA,client,TRUE,,,,TRUE,
@azure/cognitiveservices-textanalytics,4.0.0,,Text Analytics,Text Analytics,NA,NA,,client,FALSE,,,maintenance,,Will be replaced by: @azure/ai-text-analytics
@azure-tools/adl,0.5.0,,Tools - ADL,ADL,NA,NA,NA,client,FALSE,,,,TRUE,
@azure-tools/adl.core,0.1.499,,Tools - ADL Core,ADL,NA,NA,NA,client,FALSE,,,,TRUE,
@azure-tools/adl.rules.azure,0.1.208,,Tools - ADL Rules Azure,ADL,NA,NA,NA,client,FALSE,,,,TRUE,
@azure-tools/adl.types.arm,0.1.205,,Tools - ADL Types ARM,ADL,NA,NA,NA,client,FALSE,,,,TRUE,
@azure-tools/adl.types.core,0.1.211,,Tools - ADL Types Core,ADL,NA,NA,NA,client,FALSE,,,,TRUE,
@azure-tools/async-io,3.0.254,,Tools - Async IO,Async IO,https://github.com/Azure/perks,NA,NA,client,FALSE,,,,TRUE,
@azure-tools/azcopy-darwin,10.9.0,,Tools - Azcopy Darwin,Azcopy,https://github.com/Azure/azure-storage-azcopy,NA,NA,client,FALSE,,,active,,
@azure-tools/azcopy-linux,10.9.0,,Tools - Azcopy Linux,Azcopy,https://github.com/Azure/azure-storage-azcopy,NA,NA,client,FALSE,,,active,,
@azure-tools/azcopy-node,2.1.0,,Tools - Azcopy Node,Azcopy,https://github.com/Azure/azure-storage-azcopy,NA,NA,client,FALSE,,,active,,
@azure-tools/azcopy-win32,10.9.0,,Tools - Azcopy Win32,Azcopy,https://github.com/Azure/azure-storage-azcopy,NA,NA,client,FALSE,,,active,,
@azure-tools/azcopy-win64,10.9.0,,Tools - Azcopy Win64,Azcopy,https://github.com/Azure/azure-storage-azcopy,NA,NA,client,FALSE,,,active,,
@azure-tools/codemodel-v3,3.1.266,,Tools - Code Model V3,Code Model,https://github.com/Azure/perks,NA,NA,client,FALSE,,,,TRUE,
@azure-tools/codegen,2.5.294,,Tools - Codegen,Codegen,https://github.com/Azure/perks,NA,NA,client,FALSE,,,,TRUE,
@azure-tools/codegen-csharp,3.0.264,,Tools - Codegen Csharp,Codegen,https://github.com/Azure/perks,NA,NA,client,FALSE,,,,TRUE,
@azure-tools/datastore,4.2.1,,Tools - Data Store,Data Store,https://github.com/Azure/perks,NA,NA,client,FALSE,,,active,,
@azure-tools/deduplication,3.0.268,,Tools - Deduplication,Deduplication,https://github.com/Azure/perks,NA,NA,client,FALSE,,,,TRUE,
@azure-tools/eventing,3.0.253,,Tools - Eventing,Eventing,https://github.com/Azure/perks,NA,NA,client,FALSE,,,active,TRUE,
@azure-tools/extension,3.2.4,,Tools - Extension,Extensions,https://github.com/Azure/perks,NA,NA,client,FALSE,,,,TRUE,
@azure-tools/linq,3.1.263,,Tools - Linq,Linq,https://github.com/Azure/perks,NA,NA,client,FALSE,,,,TRUE,
@azure-tools/oai2-to-oai3,4.2.278,,Tools - Oai2 To Oai3,Oai2 To Oai3,https://github.com/Azure/perks,NA,NA,client,FALSE,,,,TRUE,
@azure-tools/object-comparison,3.0.253,,Tools - Object Comparison,Object Comparison,https://github.com/Azure/perks,NA,NA,client,FALSE,,,,TRUE,
@azure-tools/openapi,3.1.1,,Tools - OpenAPI,OpenAPI,https://github.com/Azure/perks,NA,NA,client,FALSE,,,,TRUE,
@azure-tools/openapi-tools-common,1.2.2,,Tools - OpenAPI Tools Common,OpenAPI Tools Common,NA,NA,NA,client,FALSE,,,active,,
@azure-tools/sourcemap,0.1.234,,Tools - Source Map,Source Map,NA,NA,NA,client,FALSE,,,,TRUE,
@azure-tools/tasks,3.0.255,,Tools - Tasks,AutoRest,https://github.com/Azure/perks,NA,NA,client,FALSE,,,,TRUE,
@azure-tools/uri,3.1.1,,Tools - Uri,Uri,https://github.com/Azure/perks,NA,NA,client,FALSE,,,,TRUE,
@azure/cognitiveservices-translatortext,1.0.1,,Translator,Translator,https://github.com/Azure/azure-sdk-for-js/tree/master/sdk/cognitiveservices/cognitiveservices-translatortext,NA,NA,client,FALSE,,,active,,
@azure/cognitiveservices-videosearch,3.0.1,,Video Search,Video Search,https://github.com/Azure/azure-sdk-for-js/tree/master/sdk/cognitiveservices/cognitiveservices-videosearch,NA,NA,client,FALSE,,,active,,
@azure/cognitiveservices-visualsearch,3.0.1,,Visual Search,Visual Search,https://github.com/Azure/azure-sdk-for-js/tree/master/sdk/cognitiveservices/cognitiveservices-visualsearch,NA,NA,client,FALSE,,,active,,
@azure/cognitiveservices-websearch,3.0.1,,Web Search,Web Search,https://github.com/Azure/azure-sdk-for-js/tree/master/sdk/cognitiveservices/cognitiveservices-websearch,NA,NA,client,FALSE,,,active,,
azure-arm-datalake-store,,3.1.2-preview,Data Lake Storage,Data Lake Storage (Gen 1),NA,NA,NA,mgmt,FALSE,,,,,
@azure/arm-advisor,2.0.0,,Resource Management - Advisor,Advisor,https://github.com/Azure/azure-sdk-for-js/tree/master/sdk/advisor/arm-advisor,https://docs.microsoft.com/javascript/api/overview/azure/advisor,NA,mgmt,FALSE,,,active,,
@azure/arm-analysisservices,2.3.2,,Resource Management - Analysis Services,Analysis Services,https://github.com/Azure/azure-sdk-for-js/tree/master/sdk/analysisservices/arm-analysisservices,https://docs.microsoft.com/javascript/api/overview/azure/analysis-services,NA,mgmt,FALSE,,,active,,
@azure/arm-apimanagement,7.0.0,,Resource Management - Api Management,API Management,https://github.com/Azure/azure-sdk-for-js/tree/master/sdk/apimanagement/arm-apimanagement,NA,NA,mgmt,FALSE,,,active,,
@azure/arm-appconfiguration,1.3.0,,Resource Management - App Configuration,App Configuration,https://github.com/Azure/azure-sdk-for-js/tree/master/sdk/appconfiguration/arm-appconfiguration,NA,NA,mgmt,FALSE,,,active,,
@azure/arm-appplatform,1.2.0,,Resource Management - App Platform,Spring Cloud,NA,NA,NA,mgmt,FALSE,,,active,,
@azure/arm-appservice,7.0.0,,Resource Management - App Service,App Service,https://github.com/Azure/azure-sdk-for-js/tree/master/sdk/appservice/arm-appservice,https://docs.microsoft.com/javascript/api/overview/azure/appservice,NA,mgmt,FALSE,,,active,,
@azure/arm-appservice-profile-2019-03-01-hybrid,1.0.0,,Resource Management - App Service,App Service,https://github.com/Azure/azure-sdk-for-js/tree/master/sdk/appservice/arm-appservice-profile-2019-03-01-hybrid,NA,,mgmt,FALSE,,,,TRUE,
@azure/arm-appinsights,3.0.0,,Resource Management - Application Insights,Application Insights,https://github.com/Azure/azure-sdk-for-js/tree/master/sdk/applicationinsights/arm-appinsights,NA,NA,mgmt,FALSE,,,active,,
@azure/arm-attestation,1.0.0,,Resource Management - Attestation,Attestation,NA,NA,NA,mgmt,FALSE,,,active,,
@azure/arm-authorization,8.3.3,,Resource Management - Authorization,Authorization,https://github.com/Azure/azure-sdk-for-js/tree/master/sdk/authorization/arm-authorization,https://docs.microsoft.com/javascript/api/overview/azure/authorization,NA,mgmt,FALSE,,,active,,
@azure/arm-authorization-profile-2019-03-01-hybrid,1.0.0,,Resource Management - Authorization,Authorization,https://github.com/Azure/azure-sdk-for-js/tree/master/sdk/authorization/arm-authorization-profile-2019-03-01-hybrid,NA,,mgmt,FALSE,,,,TRUE,
@azure/arm-automation,10.0.0,,Resource Management - Automation,Automation,https://github.com/Azure/azure-sdk-for-js/tree/master/sdk/automation/arm-automation,https://docs.microsoft.com/javascript/api/overview/azure/automation,NA,mgmt,FALSE,,,active,,
@azure/arm-azurestack,2.0.0,,Resource Management - Azure Stack,Stack,https://github.com/Azure/azure-sdk-for-js/tree/master/sdk/azurestack/arm-azurestack,NA,NA,mgmt,FALSE,,,active,,
@azure/arm-azurestackhci,1.0.0,,Resource Management - Azure Stack HCI,Stack HCI,NA,NA,NA,mgmt,FALSE,,,active,,
@azure/arm-avs,1.0.0,,Resource Management - Azure VMware Solution,VMware Solution,https://github.com/Azure/azure-sdk-for-js/tree/master/sdk/avs/arm-avs,NA,NA,mgmt,FALSE,,,active,,
@azure/arm-batch,5.0.0,,Resource Management - Batch,Batch,https://github.com/Azure/azure-sdk-for-js/tree/master/sdk/batch/arm-batch,NA,NA,mgmt,FALSE,,,active,,
@azure/arm-batchai,2.1.0,,Resource Management - Batch AI,Batch AI,https://github.com/Azure/azure-sdk-for-js/tree/master/sdk/batchai/arm-batchai,https://docs.microsoft.com/javascript/api/overview/azure/batchai,,mgmt,FALSE,,,active,,
@azure/arm-billing,3.0.0,,Resource Management - Billing,Cost Management + Billing,https://github.com/Azure/azure-sdk-for-js/tree/master/sdk/billing/arm-billing,https://docs.microsoft.com/javascript/api/overview/azure/billing,NA,mgmt,FALSE,,,active,,
@azure/arm-botservice,2.0.0,,Resource Management - Bot Service,Bot Service,https://github.com/Azure/azure-sdk-for-js/tree/master/sdk/botservice/arm-botservice,NA,NA,mgmt,FALSE,,,active,,
@azure/arm-cognitiveservices,5.2.0,,Resource Management - Cognitive Services,Cognitive Services,https://github.com/Azure/azure-sdk-for-js/tree/master/sdk/cognitiveservices/arm-cognitiveservices,https://docs.microsoft.com/javascript/api/overview/azure/cognitive-services,NA,mgmt,FALSE,,,active,,
@azure/arm-commerce,2.1.1,,Resource Management - Commerce,Commerce,https://github.com/Azure/azure-sdk-for-js/tree/master/sdk/commerce/arm-commerce,https://docs.microsoft.com/javascript/api/overview/azure/commerce,,mgmt,FALSE,,,active,,
@azure/arm-commitmentplans,1.2.0,,Resource Management - Commitment Plans,Machine Learning,https://github.com/Azure/azure-sdk-for-js/tree/master/sdk/machinelearning/arm-commitmentplans,NA,,mgmt,FALSE,,,active,,
@azure/arm-communication,1.0.0,,Resource Management - Communication,Communication,NA,NA,NA,mgmt,FALSE,,,active,,
@azure/arm-compute,16.1.0,,Resource Management - Compute,Compute,https://github.com/Azure/azure-sdk-for-js/tree/master/sdk/compute/arm-compute,https://docs.microsoft.com/javascript/api/overview/azure/virtualmachines,NA,mgmt,FALSE,,,active,,
@azure/arm-compute-profile-2019-03-01-hybrid,1.0.0,,Resource Management - Compute Profile,Compute,https://github.com/Azure/azure-sdk-for-js/tree/master/sdk/compute/arm-compute-profile-2019-03-01-hybrid,NA,,mgmt,FALSE,,,,TRUE,
@azure/arm-consumption,6.3.0,,Resource Management - Consumption,Consumption,https://github.com/Azure/azure-sdk-for-js/tree/master/sdk/consumption/arm-consumption,NA,,mgmt,FALSE,,,active,,
@azure/arm-containerinstance,6.1.0,,Resource Management - Container Instances,Container Instances,https://github.com/Azure/azure-sdk-for-js/tree/master/sdk/containerinstance/arm-containerinstance,NA,NA,mgmt,FALSE,,,active,,
@azure/arm-containerregistry,8.0.0,,Resource Management - Container Registry,Container Registry,https://github.com/Azure/azure-sdk-for-js/tree/master/sdk/containerregistry/arm-containerregistry,https://docs.microsoft.com/javascript/api/overview/azure/container-registry,NA,mgmt,FALSE,,,active,,
@azure/arm-containerservice,13.1.0,,Resource Management - Container Service,Container Service,https://github.com/Azure/azure-sdk-for-js/tree/master/sdk/containerservice/arm-containerservice,https://docs.microsoft.com/javascript/api/overview/azure/container-service,NA,mgmt,FALSE,,,active,,
@azure/arm-cdn,5.2.0,,Resource Management - Content Delivery Network,Content Delivery Network,https://github.com/Azure/azure-sdk-for-js/tree/master/sdk/cdn/arm-cdn,https://docs.microsoft.com/javascript/api/overview/azure/cdn,NA,mgmt,FALSE,,,active,,
@azure/arm-cosmosdb,12.0.0,,Resource Management - Cosmos DB,Cosmos DB,https://github.com/Azure/azure-sdk-for-js/tree/master/sdk/cosmosdb/arm-cosmosdb,https://docs.microsoft.com/javascript/api/overview/azure/cosmos-db,NA,mgmt,FALSE,,,active,,
@azure/arm-customerinsights,3.1.0,,Resource Management - Customer Insights,Customer Insights,https://github.com/Azure/azure-sdk-for-js/tree/master/sdk/customer-insights/arm-customerinsights,NA,,mgmt,FALSE,,,active,,
@azure/arm-databox,4.0.0,,Resource Management - Data Box,Data Box,https://github.com/Azure/azure-sdk-for-js/tree/master/sdk/databox/arm-databox,NA,NA,mgmt,FALSE,,,active,,
@azure/arm-databoxedge,1.0.0,,Resource Management - Data Box Edge,Stack Edge,NA,NA,NA,mgmt,FALSE,,,active,,
@azure/arm-datacatalog,1.1.0,,Resource Management - Data Catalog,Data Catalog,https://github.com/Azure/azure-sdk-for-js/tree/master/sdk/datacatalog/arm-datacatalog,NA,,mgmt,FALSE,,,active,,
@azure/arm-datafactory,7.5.0,,Resource Management - Data Factory,Data Factory,https://github.com/Azure/azure-sdk-for-js/tree/master/sdk/datafactory/arm-datafactory,NA,NA,mgmt,FALSE,,,active,,
@azure/arm-datamigration,2.0.0,,Resource Management - Data Migration,Database Migration Service,https://github.com/Azure/azure-sdk-for-js/tree/master/sdk/datamigration/arm-datamigration,NA,,mgmt,FALSE,,,active,,
@azure/arm-databricks,1.1.0,,Resource Management - Databricks,Databricks,https://github.com/Azure/azure-sdk-for-js/tree/master/sdk/databricks/arm-databricks,NA,,mgmt,FALSE,,,active,,
@azure/arm-deploymentmanager,3.0.0,,Resource Management - Deployment Manager,Deployment Manager,https://github.com/Azure/azure-sdk-for-js/tree/master/sdk/deploymentmanager/arm-deploymentmanager,NA,NA,mgmt,FALSE,,,active,,
@azure/arm-devspaces,1.1.0,,Resource Management - Dev Spaces,Dev Spaces,https://github.com/Azure/azure-sdk-for-js/tree/master/sdk/devspaces/arm-devspaces,NA,,mgmt,FALSE,,,active,,
@azure/arm-deviceprovisioningservices,2.1.0,,Resource Management - Device Provisioning Services,Device Provisioning Services,https://github.com/Azure/azure-sdk-for-js/tree/master/sdk/deviceprovisioningservices/arm-deviceprovisioningservices,NA,,mgmt,FALSE,,,active,,
@azure/arm-digitaltwins,1.0.0,,Resource Management - Digital Twins,Digital Twins,https://github.com/Azure/azure-sdk-for-js/tree/master/sdk/digitaltwins/arm-digitaltwins,NA,NA,mgmt,FALSE,,,active,,
@azure/arm-dns,4.0.0,,Resource Management - DNS,DNS,https://github.com/Azure/azure-sdk-for-js/tree/master/sdk/dns/arm-dns,https://docs.microsoft.com/javascript/api/overview/azure/dns,NA,mgmt,FALSE,,,active,,
@azure/arm-dns-profile-2019-03-01-hybrid,1.0.0,,Resource Management - DNS,DNS,https://github.com/Azure/azure-sdk-for-js/tree/master/sdk/dns/arm-dns-profile-2019-03-01-hybrid,NA,,mgmt,FALSE,,,,TRUE,
@azure/arm-domainservices,3.1.0,,Resource Management - Domain Services,Active Directory Domain Services,https://github.com/Azure/azure-sdk-for-js/tree/master/sdk/domainservices/arm-domainservices,NA,,mgmt,FALSE,,,active,,
@azure/arm-edgegateway,2.0.1,,Resource Management - Edge Gateway,Stack Edge,https://github.com/Azure/azure-sdk-for-js/tree/master/sdk/edgegateway/arm-edgegateway,NA,,mgmt,FALSE,,,active,,
@azure/arm-eventgrid,10.0.0,,Resource Management - Event Grid,Event Grid,https://github.com/Azure/azure-sdk-for-js/tree/master/sdk/eventgrid/arm-eventgrid,https://docs.microsoft.com/javascript/api/overview/azure/eventgrid,NA,mgmt,FALSE,,,active,,
@azure/arm-eventhub,3.2.0,,Resource Management - Event Hubs,Event Hubs,https://github.com/Azure/azure-sdk-for-js/tree/master/sdk/eventhub/arm-eventhub,https://docs.microsoft.com/javascript/api/overview/azure/event-hub,,mgmt,FALSE,,,active,,
@azure/arm-features,1.0.3,,Resource Management - Features,Features,https://github.com/Azure/azure-sdk-for-js/tree/master/sdk/features/arm-features,NA,,mgmt,FALSE,,,active,,
@azure/arm-frontdoor,4.0.0,,Resource Management - Frontdoor,Front Door,https://github.com/Azure/azure-sdk-for-js/tree/master/sdk/frontdoor/arm-frontdoor,NA,NA,mgmt,FALSE,,,active,,
@azure/arm-hanaonazure,3.0.0,,Resource Management - HANA on Azure,SAP HANA on Azure,https://github.com/Azure/azure-sdk-for-js/tree/master/sdk/hanaonazure/arm-hanaonazure,NA,NA,mgmt,FALSE,,,active,,
@azure/arm-hdinsight,0.22.0,,Resource Management - HDInsight,HDInsight,https://github.com/Azure/azure-sdk-for-js/tree/master/sdk/hdinsight/arm-hdinsight,https://docs.microsoft.com/javascript/api/overview/azure/hdinsight,NA,mgmt,FALSE,,,,,
@azure/arm-healthcareapis,1.0.0,,Resource Management - Health Care APIs,API for FHIR,NA,NA,NA,mgmt,FALSE,,,active,,
@azure/arm-hybridcompute,2.0.0,,Resource Management - Hybrid Compute,Hybrid Compute,NA,NA,NA,mgmt,FALSE,,,active,,
@azure/arm-iotcentral,4.1.0,,Resource Management - IoT Central,IoT Central,https://github.com/Azure/azure-sdk-for-js/tree/master/sdk/iotcentral/arm-iotcentral,NA,NA,mgmt,FALSE,,,active,,
@azure/arm-iothub,4.0.0,,Resource Management - IoT Hub,IoT Hub,https://github.com/Azure/azure-sdk-for-js/tree/master/sdk/iothub/arm-iothub,https://docs.microsoft.com/javascript/api/overview/azure/iot-hub,NA,mgmt,FALSE,,,active,,
@azure/arm-iotspaces,1.1.0,,Resource Management - IoT Spaces,IoT Central,https://github.com/Azure/azure-sdk-for-js/tree/master/sdk/iotspaces/arm-iotspaces,NA,,mgmt,FALSE,,,active,,
@azure/arm-keyvault,1.2.1,,Resource Management - Key Vault,Key Vault,https://github.com/Azure/azure-sdk-for-js/tree/master/sdk/keyvault/arm-keyvault,NA,,mgmt,FALSE,,,active,,
@azure/arm-keyvault-profile-2019-03-01-hybrid,1.0.0,,Resource Management - Key Vault,Key Vault,https://github.com/Azure/azure-sdk-for-js/tree/master/sdk/keyvault/arm-keyvault-profile-2019-03-01-hybrid,NA,,mgmt,FALSE,,,,TRUE,
@azure/arm-kubernetesconfiguration,3.0.0,,Resource Management - Kubernetes Configuration,Kubernetes Configuration,https://github.com/Azure/azure-sdk-for-js/tree/master/sdk/kubernetesconfiguration/arm-kubernetesconfiguration,NA,NA,mgmt,FALSE,,,active,,
@azure/arm-kusto,6.0.0,,Resource Management - Kusto,Data Explorer,https://github.com/Azure/azure-sdk-for-js/tree/master/sdk/kusto/arm-kusto,NA,NA,mgmt,FALSE,,,active,,
@azure/arm-labservices,1.0.0,,Resource Management - Lab Services,Lab Services,https://github.com/Azure/azure-sdk-for-js/tree/master/sdk/labservices/arm-labservices,NA,,mgmt,FALSE,,,active,,
@azure/arm-links,1.0.2,,Resource Management - Links,Links,https://github.com/Azure/azure-sdk-for-js/tree/master/sdk/links/arm-links,NA,,mgmt,FALSE,,,active,,
@azure/arm-locks,1.1.0,,Resource Management - Locks,Locks,https://github.com/Azure/azure-sdk-for-js/tree/master/sdk/locks/arm-locks,NA,,mgmt,FALSE,,,active,,
@azure/arm-locks-profile-hybrid-2019-03-01,1.0.0,,Resource Management - Locks,Locks,https://github.com/Azure/azure-sdk-for-js/tree/master/sdk/locks/arm-locks-profile-hybrid-2019-03-01,NA,,mgmt,FALSE,,,,TRUE,
@azure/arm-logic,7.0.0,,Resource Management - Logic Apps,Logic Apps,https://github.com/Azure/azure-sdk-for-js/tree/master/sdk/logic/arm-logic,https://docs.microsoft.com/javascript/api/overview/azure/logic-apps,NA,mgmt,FALSE,,,active,,
@azure/arm-machinelearningcompute,2.0.0,,Resource Management - Machine Learning Compute,Machine Learning,https://github.com/Azure/azure-sdk-for-js/tree/master/sdk/machinelearningcompute/arm-machinelearningcompute,NA,NA,mgmt,FALSE,,,active,,
@azure/arm-machinelearningexperimentation,1.1.0,,Resource Management - Machine Learning Experimentation,Machine Learning,https://github.com/Azure/azure-sdk-for-js/tree/master/sdk/machinelearningexperimentation/arm-machinelearningexperimentation,NA,,mgmt,FALSE,,,active,,
@azure/arm-machinelearningservices,4.0.0,,Resource Management - Machine Learning Services,Machine Learning,https://github.com/Azure/azure-sdk-for-js/tree/master/sdk/machinelearningservices/arm-machinelearningservices,NA,NA,mgmt,FALSE,,,active,,
@azure/arm-managedapplications,1.0.2,,Resource Management - Managed Applications,Managed Applications,https://github.com/Azure/azure-sdk-for-js/tree/master/sdk/managedapplications/arm-managedapplications,NA,,mgmt,FALSE,,,active,,
@azure/arm-msi,1.1.0,,Resource Management - Managed Service Identity,Managed Service Identity,https://github.com/Azure/azure-sdk-for-js/tree/master/sdk/msi/arm-msi,NA,,mgmt,FALSE,,,active,,
@azure/arm-managementgroups,1.1.0,,Resource Management - Management Groups,Management Groups,https://github.com/Azure/azure-sdk-for-js/tree/master/sdk/managementgroups/arm-managementgroups,NA,,mgmt,FALSE,,,active,,
@azure/arm-managementpartner,1.1.0,,Resource Management - Management Partner,Management Partner,https://github.com/Azure/azure-sdk-for-js/tree/master/sdk/managementpartner/arm-managementpartner,NA,,mgmt,FALSE,,,active,,
@azure/arm-maps,1.1.0,,Resource Management - Maps,Maps,https://github.com/Azure/azure-sdk-for-js/tree/master/sdk/maps/arm-maps,NA,,mgmt,FALSE,,,active,,
@azure/arm-mariadb,1.4.0,,Resource Management - Maria DB,Database for MariaDB,https://github.com/Azure/azure-sdk-for-js/tree/master/sdk/mariadb/arm-mariadb,NA,,mgmt,FALSE,,,active,,
@azure/arm-marketplaceordering,2.0.0,,Resource Management - Market Place Ordering,Marketplace Ordering,https://github.com/Azure/azure-sdk-for-js/tree/master/sdk/marketplaceordering/arm-marketplaceordering,NA,NA,mgmt,FALSE,,,active,,
@azure/arm-mediaservices,8.1.0,,Resource Management - Media Services,Media Services,https://github.com/Azure/azure-sdk-for-js/tree/master/sdk/mediaservices/arm-mediaservices,https://docs.microsoft.com/javascript/api/overview/azure/media-services,NA,mgmt,FALSE,,,active,,
@azure/arm-migrate,1.1.0,,Resource Management - Migrate,Migrate,https://github.com/Azure/azure-sdk-for-js/tree/master/sdk/migrate/arm-migrate,NA,,mgmt,FALSE,,,active,,
@azure/arm-mixedreality,3.0.0,,Resource Management - Mixed Reality,Mixed Reality,https://github.com/Azure/azure-sdk-for-js/tree/master/sdk/mixedreality/arm-mixedreality,https://docs.microsoft.com/javascript/api/overview/azure/mixed-reality,NA,mgmt,FALSE,,,active,,
@azure/arm-monitor,6.0.0,,Resource Management - Monitor,Monitor,https://github.com/Azure/azure-sdk-for-js/tree/master/sdk/monitor/arm-monitor,https://docs.microsoft.com/javascript/api/overview/azure/monitor,,mgmt,FALSE,,,active,,
@azure/arm-monitor-profile-2019-03-01-hybrid,1.0.0,,Resource Management - Monitor,Monitor,https://github.com/Azure/azure-sdk-for-js/tree/master/sdk/monitor/arm-monitor-profile-2019-03-01-hybrid,NA,,mgmt,FALSE,,,,TRUE,
@azure/arm-mysql,3.3.0,,Resource Management - MySQL,Database for MySQL,https://github.com/Azure/azure-sdk-for-js/tree/master/sdk/mysql/arm-mysql,https://docs.microsoft.com/javascript/api/overview/azure/mysql,,mgmt,FALSE,,,active,,
@azure/arm-netapp,13.0.0,,Resource Management - NetApp,NetApp Files,https://github.com/Azure/azure-sdk-for-js/tree/master/sdk/netapp/arm-netapp,NA,NA,mgmt,FALSE,,,active,,
@azure/arm-network,23.3.0,,Resource Management - Network,Virtual Network,https://github.com/Azure/azure-sdk-for-js/tree/master/sdk/network/arm-network,https://docs.microsoft.com/javascript/api/overview/azure/virtual-network,NA,mgmt,FALSE,,,active,,
@azure/arm-network-profile-2019-03-01-hybrid,1.0.0,,Resource Management - Network,Virtual Network,https://github.com/Azure/azure-sdk-for-js/tree/master/sdk/network/arm-network-profile-2019-03-01-hybrid,NA,,mgmt,FALSE,,,,TRUE,
@azure/arm-notificationhubs,1.2.0,,Resource Management - Notification Hubs,Notification Hubs,https://github.com/Azure/azure-sdk-for-js/tree/master/sdk/notificationhubs/arm-notificationhubs,https://docs.microsoft.com/javascript/api/overview/azure/notification-hubs,,mgmt,FALSE,,,active,,
@azure/arm-operationalinsights,6.0.0,,Resource Management - Operational Insights,Operational Insights,https://github.com/Azure/azure-sdk-for-js/tree/master/sdk/operationalinsights/arm-operationalinsights,https://docs.microsoft.com/javascript/api/overview/azure/operational-insights,NA,mgmt,FALSE,,,active,,
@azure/arm-operations,2.1.0,,Resource Management - Operations,Operations Management,https://github.com/Azure/azure-sdk-for-js/tree/master/sdk/operationsmanagement/arm-operations,NA,,mgmt,FALSE,,,active,,
@azure/arm-peering,1.0.0,,Resource Management - Peering,Peering Service,https://github.com/Azure/azure-sdk-for-js/tree/master/sdk/peering/arm-peering,NA,,mgmt,FALSE,,,active,,
@azure/arm-policy,3.1.0,,Resource Management - Policy,Policy,https://github.com/Azure/azure-sdk-for-js/tree/master/sdk/policy/arm-policy,NA,NA,mgmt,FALSE,,,active,,
@azure/arm-policy-profile-hybrid-2019-03-01,1.0.0,,Resource Management - Policy,Policy,https://github.com/Azure/azure-sdk-for-js/tree/master/sdk/policy/arm-policy-profile-hybrid-2019-03-01,NA,,mgmt,FALSE,,,,TRUE,
@azure/arm-policyinsights,4.0.0,,Resource Management - Policy Insights,Policy Insights,https://github.com/Azure/azure-sdk-for-js/tree/master/sdk/policyinsights/arm-policyinsights,NA,NA,mgmt,FALSE,,,active,,
@azure/arm-postgresql,5.0.0,,Resource Management - PostgreSQL,Database for PostgreSQL,https://github.com/Azure/azure-sdk-for-js/tree/master/sdk/postgresql/arm-postgresql,NA,NA,mgmt,FALSE,,,active,,
@azure/arm-powerbidedicated,2.0.0,,Resource Management - Power BI Dedicated,Power BI Dedicated,https://github.com/Azure/azure-sdk-for-js/tree/master/sdk/powerbidedicated/arm-powerbidedicated,NA,NA,mgmt,FALSE,,,active,,
@azure/arm-powerbiembedded,1.2.0,,Resource Management - Power BI Embedded,Power BI,https://github.com/Azure/azure-sdk-for-js/tree/master/sdk/powerbiembedded/arm-powerbiembedded,https://docs.microsoft.com/javascript/api/overview/azure/powerbi-embedded,,mgmt,FALSE,,,active,,
@azure/arm-privatedns,2.0.0,,Resource Management - Private DNS,Private DNS,https://github.com/Azure/azure-sdk-for-js/tree/master/sdk/privatedns/arm-privatedns,NA,NA,mgmt,FALSE,,,active,,
@azure/arm-recoveryservices,4.1.0,,Resource Management - Recovery Services,Site Recovery,https://github.com/Azure/azure-sdk-for-js/tree/master/sdk/recoveryservices/arm-recoveryservices,https://docs.microsoft.com/javascript/api/overview/azure/site-recovery,NA,mgmt,FALSE,,,active,,
@azure/arm-recoveryservicesbackup,6.1.0,,Resource Management - Recovery Services Backup,Site Recovery,https://github.com/Azure/azure-sdk-for-js/tree/master/sdk/recoveryservicesbackup/arm-recoveryservicesbackup,https://docs.microsoft.com/javascript/api/overview/azure/backup,NA,mgmt,FALSE,,,active,,
@azure/arm-recoveryservices-siterecovery,3.2.0,,Resource Management - Recovery Services Site Recovery,Site Recovery,https://github.com/Azure/azure-sdk-for-js/tree/master/sdk/recoveryservicessiterecovery/arm-recoveryservices-siterecovery,NA,,mgmt,FALSE,,,active,,
@azure/arm-rediscache,4.0.0,,Resource Management - Redis Cache,Redis Cache,https://github.com/Azure/azure-sdk-for-js/tree/master/sdk/redis/arm-rediscache,https://docs.microsoft.com/javascript/api/overview/azure/redis-cache,NA,mgmt,FALSE,,,active,,
@azure/arm-relay,2.1.0,,Resource Management - Relay,Relay,https://github.com/Azure/azure-sdk-for-js/tree/master/sdk/relay/arm-relay,https://docs.microsoft.com/javascript/api/overview/azure/relay,,mgmt,FALSE,,,active,,
@azure/arm-reservations,6.0.0,,Resource Management - Reservations,Reservations,https://github.com/Azure/azure-sdk-for-js/tree/master/sdk/reservations/arm-reservations,NA,NA,mgmt,FALSE,,,active,,
@azure/arm-resourcegraph,3.0.0,,Resource Management - Resource Graph,Resource Graph,https://github.com/Azure/azure-sdk-for-js/tree/master/sdk/resourcegraph/arm-resourcegraph,NA,NA,mgmt,FALSE,,,active,,
@azure/arm-resourcehealth,1.1.0,,Resource Management - Resource Health,Resource Health,https://github.com/Azure/azure-sdk-for-js/tree/master/sdk/resourcehealth/arm-resourcehealth,NA,,mgmt,FALSE,,,active,,
@azure/arm-resources,4.0.0,,Resource Management - Resources,Resources,https://github.com/Azure/azure-sdk-for-js/tree/master/sdk/resources/arm-resources,https://docs.microsoft.com/javascript/api/overview/azure/resources,NA,mgmt,FALSE,,,active,,
@azure/arm-resources-profile-hybrid-2019-03-01,1.0.0,,Resource Management - Resources,Resources,https://github.com/Azure/azure-sdk-for-js/tree/master/sdk/resources/arm-resources-profile-hybrid-2019-03-01,NA,,mgmt,FALSE,,,,TRUE,
@azure/arm-search,1.3.0,,Resource Management - Search,Search,https://github.com/Azure/azure-sdk-for-js/tree/master/sdk/search/arm-search,https://docs.microsoft.com/javascript/api/overview/azure/search,,mgmt,FALSE,,,active,,
@azure/arm-security,2.0.0,,Resource Management - Security,Security Center,https://github.com/Azure/azure-sdk-for-js/tree/master/sdk/security/arm-security,NA,NA,mgmt,FALSE,,,active,,
@azure/arm-serialconsole,1.0.0,,Resource Management - Serial Console,Serial Console,https://github.com/Azure/azure-sdk-for-js/tree/master/sdk/serialconsole/arm-serialconsole,NA,,mgmt,FALSE,,,active,,
@azure/arm-servicebus,4.0.0,,Resource Management - Service Bus,Service Bus,https://github.com/Azure/azure-sdk-for-js/tree/master/sdk/servicebus/arm-servicebus,https://docs.microsoft.com/javascript/api/overview/azure/service-bus,NA,mgmt,FALSE,,,active,,
@azure/arm-servicefabricmesh,2.1.0,,Resource Management - Service Fabric Mesh,Service Fabric,https://github.com/Azure/azure-sdk-for-js/tree/master/sdk/servicefabricmesh/arm-servicefabricmesh,NA,,mgmt,FALSE,,,active,,
@azure/arm-servicemap,2.2.0,,Resource Management - Service Map,Service Map,https://github.com/Azure/azure-sdk-for-js/tree/master/sdk/service-map/arm-servicemap,https://docs.microsoft.com/javascript/api/overview/azure/service-map,,mgmt,FALSE,,,active,,
@azure/arm-signalr,3.0.0,,Resource Management - SignalR,SignalR,https://github.com/Azure/azure-sdk-for-js/tree/master/sdk/signalr/arm-signalr,NA,NA,mgmt,FALSE,,,active,,
@azure/arm-sql,7.0.2,,Resource Management - SQL,SQL,https://github.com/Azure/azure-sdk-for-js/tree/master/sdk/sql/arm-sql,https://docs.microsoft.com/javascript/api/overview/azure/sql,NA,mgmt,FALSE,,,active,,
@azure/arm-sqlvirtualmachine,4.0.0,,Resource Management - Sql Virtual Machine,SQL Server on Virtual Machines,https://github.com/Azure/azure-sdk-for-js/tree/master/sdk/sqlvirtualmachine/arm-sqlvirtualmachine,NA,NA,mgmt,FALSE,,,active,,
@azure/arm-storage,15.3.0,,Resource Management - Storage,Storage,https://github.com/Azure/azure-sdk-for-js/tree/master/sdk/storage/arm-storage,NA,NA,mgmt,FALSE,,,active,,
@azure/arm-storage-profile-2019-03-01-hybrid,1.0.0,,Resource Management - Storage,Storage,https://github.com/Azure/azure-sdk-for-js/tree/master/sdk/storage/arm-storage-profile-2019-03-01-hybrid,NA,,mgmt,FALSE,,,,TRUE,
@azure/arm-storagecache,4.0.0,,Resource Management - Storage Cache,Storage,https://github.com/Azure/azure-sdk-for-js/tree/master/sdk/storagecache/arm-storagecache,NA,NA,mgmt,FALSE,,,active,,
@azure/arm-storageimportexport,1.2.0,,Resource Management - Storage Import Export,Storage,https://github.com/Azure/azure-sdk-for-js/tree/master/sdk/storageimportexport/arm-storageimportexport,NA,,mgmt,FALSE,,,active,,
@azure/arm-storagesync,8.0.0,,Resource Management - Storage Sync,Storage,https://github.com/Azure/azure-sdk-for-js/tree/master/sdk/storagesync/arm-storagesync,NA,NA,mgmt,FALSE,,,active,,
@azure/arm-storsimple1200series,1.1.0,,Resource Management - StorSimple1200Series,StorSimple,https://github.com/Azure/azure-sdk-for-js/tree/master/sdk/storsimple1200series/arm-storsimple1200series,NA,,mgmt,FALSE,,,active,,
@azure/arm-storsimple8000series,1.1.0,,Resource Management - StorSimple8000Series,StorSimple,https://github.com/Azure/azure-sdk-for-js/tree/master/sdk/storsimple8000series/arm-storsimple8000series,NA,,mgmt,FALSE,,,active,,
@azure/arm-streamanalytics,2.0.0,,Resource Management - Stream Analytics,Stream Analytics,https://github.com/Azure/azure-sdk-for-js/tree/master/sdk/streamanalytics/arm-streamanalytics,NA,NA,mgmt,FALSE,,,active,,
@azure/arm-subscriptions,3.0.0,,Resource Management - Subscriptions,Subscriptions,https://github.com/Azure/azure-sdk-for-js/tree/master/sdk/subscription/arm-subscriptions,NA,NA,mgmt,FALSE,,,active,,
@azure/arm-subscriptions-profile-hybrid-2019-03-01,1.0.0,,Resource Management - Subscriptions,Subscriptions,https://github.com/Azure/azure-sdk-for-js/tree/master/sdk/subscription/arm-subscriptions-profile-hybrid-2019-03-01,NA,,mgmt,FALSE,,,,TRUE,
@azure/arm-support,1.0.0,,Resource Management - Support,Help + support,https://github.com/Azure/azure-sdk-for-js/tree/master/sdk/support/arm-support,NA,NA,mgmt,FALSE,,,active,,
@azure/arm-synapse,5.0.0,,Resource Management - Synapse,Synapse Analytics,https://github.com/Azure/azure-sdk-for-js/tree/master/sdk/synapse/arm-synapse,NA,NA,mgmt,FALSE,,,active,,
@azure/arm-timeseriesinsights,1.2.1,,Resource Management - Time Series Insights,Time Series Insights,https://github.com/Azure/azure-sdk-for-js/tree/master/sdk/timeseriesinsights/arm-timeseriesinsights,NA,NA,mgmt,FALSE,,,active,,
@azure/arm-trafficmanager,5.0.0,,Resource Management - Traffic Manager,Traffic Manager,https://github.com/Azure/azure-sdk-for-js/tree/master/sdk/trafficmanager/arm-trafficmanager,https://docs.microsoft.com/javascript/api/overview/azure/traffic-manager,NA,mgmt,FALSE,,,active,,
@azure/arm-visualstudio,2.2.0,,Resource Management - Visual Studio,Visual Studio,https://github.com/Azure/azure-sdk-for-js/tree/master/sdk/visualstudio/arm-visualstudio,NA,,mgmt,FALSE,,,active,,
@azure/arm-vmwarecloudsimple,1.0.0,,Resource Management - VMware CloudSimple,VMWare by CloudSimple,https://github.com/Azure/azure-sdk-for-js/tree/master/sdk/vmwarecloudsimple/arm-vmwarecloudsimple,NA,,mgmt,FALSE,,,active,,
@azure/ms-rest-nodeauth,0.1.1,,Resource Management - Web Services,Machine Learning,https://github.com/Azure/azure-sdk-for-js/tree/master/sdk/machinelearning/arm-webservices,NA,,mgmt,FALSE,,,,,
@azure/arm-workspaces,0.1.1,,Resource Management - Work Spaces,Machine Learning,https://github.com/Azure/azure-sdk-for-js/tree/master/sdk/machinelearning/arm-workspaces,NA,,mgmt,FALSE,,,,,
